# ML Training Dataset for Puttalam Salt Waste Digital Twin,,,,,,,,,,,,,,,,,,,,,,,
# Generated: 2026-03-12 09:11:23,,,,,,,,,,,,,,,,,,,,,,,
# Source: Research-grade stochastic physics model,,,,,,,,,,,,,,,,,,,,,,,
# Multi-layer uncertainty: Parametric, Process, Measurement,,,,,,,,,,,,,,,,,,,,,
# Weather persistence: Temperature (ρ=0.6), Humidity (ρ=0.5), Wind (ρ=0.4),,,,,,,,,,,,,,,,,,,,,
# Temporal correlation: ρ₁=0.24 (realistic operational variability),,,,,,,,,,,,,,,,,,,,,,,
# Random seed: 42 (reproducible),,,,,,,,,,,,,,,,,,,,,,,
#,,,,,,,,,,,,,,,,,,,,,,,
# INPUT FEATURES (7):,,,,,,,,,,,,,,,,,,,,,,,
#   Year, Month: Temporal,,,,,,,,,,,,,,,,,,,,,,
#   production_volume: Salt production (kg),,,,,,,,,,,,,,,,,,,,,,,
#   rain_sum: Monthly rainfall (mm),,,,,,,,,,,,,,,,,,,,,,,
#   temperature_mean: Average temperature (°C),,,,,,,,,,,,,,,,,,,,,,,
#   humidity_mean: Average relative humidity (%),,,,,,,,,,,,,,,,,,,,,,,
#   wind_speed_mean: Average wind speed (km/h),,,,,,,,,,,,,,,,,,,,,,,
#,,,,,,,,,,,,,,,,,,,,,,,
# TARGET VARIABLES (14):,,,,,,,,,,,,,,,,,,,,,,,
#   Solid waste: Gypsum, Limestone, Industrial_Salt (kg),,,,,,,,,,,,,,,,,,,,,
#   Bittern concentrations: Mg, K, SO4,,,,,,,,,,,,,,,,,,,,,
#   Bittern masses: Magnesium, Potassium, Sulfate,,,,,,,,,,,,,,,,,,,,,
#   Bittern volume: Liquid_Waste_Bittern_Liters,,,,,,,,,,,,,,,,,,,,,,,
#,,,,,,,,,,,,,,,,,,,,,,,
# VALIDATION RESULTS:,,,,,,,,,,,,,,,,,,,,,,,
#   K concentration range: 1.22-5.02 g/L (research: 0.40-7.63 g/L) ✓,,,,,,,,,,,,,,,,,,,,,,,
#   CV: 27.2% (realistic industrial variability) ✓,,,,,,,,,,,,,,,,,,,,,,,
#   Weather correlations: r=0.63-0.69 (physics + uncertainty) ✓,,,,,,,,,,,,,,,,,,,,,,,
#   Volume-concentration independence: r=0.34 ✓,,,,,,,,,,,,,,,,,,,,,,,
#   Temporal autocorrelation: ρ₁=0.24 ✓,,,,,,,,,,,,,,,,,,,,,,,
#,,,,,,,,,,,,,,,,,,,,,,,
# Documentation: docs/data_generation_methodology.md,,,,,,,,,,,,,,,,,,,,,,,
#,,,,,,,,,,,,,,,,,,,,,,,
# COMPLETE DATASET: 324 samples (shuffled),,,,,,,,,,,,,,,,,,,,,,,
#,,,,,,,,,,,,,,,,,,,,,,,
Year,Month,production_volume,rain_sum,temperature_mean,humidity_mean,wind_speed_mean,predicted_waste_kg,Solid_Waste_Gypsum_kg,Solid_Waste_Limestone_kg,Solid_Waste_Industrial_Salt_kg,Total_Solid_Waste_kg,Liquid_Waste_Bittern_Liters,Bittern_Mg_Concentration_gL,Bittern_K_Concentration_gL,Bittern_SO4_Concentration_gL,Bittern_Ca_Concentration_gL,Bittern_Magnesium_kg,Bittern_Potassium_kg,Bittern_Sulfate_kg,Bittern_Calcium_kg,Bittern_Requires_Dilution,Total_Liquid_Waste_Liters,Total_Waste_kg
2011,1,1733974.85,311.32,27.13,92.11,15.87,73249.48428,29278.24223,10625.91301,33957.7615,73249.48428,3053695.955,8.024844204,1.91792286,10.49144237,0.03698693,23783.27073,5413.782235,32644.77487,107.4717828,1,3081649.003,73861.91674
2009,1,1990385.47,140.83,26.94,90.29,27.85,77242.16818,36381.08021,13241.40097,28206.66684,77242.16818,2194556.251,10.3362669,2.368040487,12.75880657,0.045210422,22999.25078,5536.445927,31144.93155,113.0037928,1,2524918.942,77829.14802
2011,6,1828632.81,423.87,27.86,94.66,22.64,81501.65415,30654.63515,11005.17332,42911.23424,81501.65415,3039439.226,6.339218484,1.471529606,8.052449572,0.028470146,19538.12637,4678.408357,24599.28827,88.90681832,1,3273191.775,84571.04271
2000,10,2698594.08,439.45,27.29,97.42,15.05,120971.622,41651.96284,15080.56783,60270.43189,120971.622,4619756.754,5.805333719,1.483405095,8.192530064,0.027354611,28853.06348,7044.151772,41263.90222,146.8947607,1,4867634.048,117002.9626
2015,1,1596451.99,303.37,27.3,93.64,17.7,67211.48186,25188.16364,9118.299883,28686.74133,67211.48186,2788261.293,11.49865153,2.703027011,15.17602125,0.054980404,32874.50739,7763.823787,43601.88935,150.8435752,1,2849453.942,62993.20485
2010,7,4256343.98,16.22,28.19,85.01,13.44,155053.722,86859.78705,31031.46545,41935.14662,155053.722,7243324.893,11.02632763,2.411476501,13.88040765,0.046191014,73499.29448,17246.69645,92940.21467,338.1873879,1,7413345.249,159826.3991
2018,4,5149674.34,7.92,28.39,84.5,11.43,186838.1657,99630.41393,35489.28974,46118.33201,186838.1657,9716806.398,13.18212011,3.000798606,18.25543613,0.064265903,129593.3977,29548.46259,169886.5969,631.8703398,1,8956141.956,181238.0357
2016,5,2114783.04,520.16,29,92.38,16.06,98567.76716,32940.57999,11629.5075,52344.41325,98567.76716,3964417.978,9.190508787,2.186089089,12.09757653,0.040414706,36699.22024,8238.508284,49345.00619,169.6695614,1,3761282.622,96914.50074
2022,3,4189734.38,34.16,27.85,89.23,12.67,153998.0695,83598.17544,30016.62456,43929.33004,153998.0695,7408400.251,11.93421345,2.784913465,16.4743675,0.06076383,88647.72865,20980.14269,118718.0067,437.4194378,1,7385733.594,157544.13
2012,1,1110632.12,205.5,26.75,90.32,25.45,44520.77453,19777.27244,7218.805954,18295.16134,44520.77453,1703636.889,8.913446435,2.203278248,12.40881044,0.041420548,16322.09145,3557.10015,21994.82959,74.76263716,1,1709553.595,45291.23973
2014,12,2075413.83,172.24,27.41,91.13,23.14,81941.91158,36799.2636,13299.7569,30941.88442,81941.91158,3378050.116,11.78173661,2.711740456,15.63374662,0.053163828,38345.48285,9611.834829,53079.15432,171.8557808,1,3274743.392,81040.90492
2013,9,1177897.98,212.82,27.48,87.71,12.29,47472.13286,20480.12063,7394.079222,19077.64865,47472.13286,1996821.932,8.760883258,1.984472578,12.09981916,0.043010216,19216.46075,4367.715778,25694.71886,86.50467346,1,2067466.166,46951.8485
2018,11,2341247.18,247.45,26.69,94,15.04,95806.7461,39251.1657,14339.83138,40102.23469,95806.7461,4014086.647,7.461584789,1.919390911,10.75612524,0.037637731,31756.32674,7065.893067,43361.64136,147.4386631,1,4183028.295,93693.23177
2010,5,2746881.95,118.09,28.46,86.26,12.6,105746.3516,51457.37878,18310.76828,36402.95176,105746.3516,4541103.256,8.969078238,2.095953374,11.23712245,0.041405328,38959.60006,9620.221913,53201.22031,192.3809401,1,4801458.086,106171.0988
2015,7,4239162.11,12.23,27.65,86.3,17.86,153870.1851,83134.63862,29938.87366,39712.04473,153870.1851,6105785.741,12.85957166,3.058752925,18.6939861,0.062155311,77868.80173,19419.38412,112288.4777,400.5857326,1,6456996.724,152785.557
2025,3,5436915.71,6.77,27.57,84.21,9.32,196708.7754,110463.9496,39828.17804,51470.45233,196708.7754,10037410.68,11.87645443,2.840325368,15.79948237,0.054182708,113568.9115,27891.60972,155192.342,524.2910124,1,9447819.045,201762.58
2024,9,2236507.71,757.6,27.65,91.76,11.08,114598.9536,35025.05618,12613.40338,75491.21924,114598.9536,3918595.394,5.939524815,1.488234291,8.90574168,0.029943294,24477.72742,5906.844129,34407.33532,122.8487226,1,3970844.889,123129.6788
2009,9,2789016.97,621.33,27.6,89.98,13.19,135277.0406,44620.12538,16080.77318,82547.63396,135277.0406,4401049.174,9.396820179,2.108075087,12.08863655,0.043205768,40415.15583,9947.051447,51691.59893,194.9225295,1,4926984.412,143248.5325
2002,2,1188021.11,249.94,27.01,92.63,14.74,48710.89763,21022.04873,7643.234873,21493.73187,48710.89763,2050925.482,9.749827544,2.343873952,13.29412378,0.044571893,19828.00691,4843.453058,27943.71397,91.14648536,1,2114459.772,50159.01547
2000,6,2739480.08,450.79,28.2,94.53,17.92,123665.2214,44801.7792,16003.49319,65093.20835,123665.2214,4659698.597,6.833002945,1.588628415,9.161072111,0.032230482,31827.78877,7397.795786,42297.80413,146.6822839,1,4901797.365,125898.4807
2026,2,2552310.7,13.47,28.32,92.21,14.29,92868.71146,49994.38437,17826.80539,23784.30091,92868.71146,4823705.565,8.857665361,1.988786826,12.41461768,0.041331854,39540.38958,9550.004373,53709.7821,194.5434691,1,4537285.27,91605.49066
2022,9,1515031.46,90.77,28.55,83.91,12.19,57507.20262,28422.70409,10100.68777,18356.10614,57507.20262,2674678.933,10.61260342,2.658671266,14.24187584,0.050431007,29819.69559,6786.132596,39914.37008,139.598646,1,2630422.871,56879.498
2003,11,2153725.09,574.06,27.39,96.66,24.9,102379.0242,30925.73502,11180.31697,54088.97598,102379.0242,3900278.7,7.561409267,1.941194584,10.36628542,0.037967225,31087.45762,7414.122197,40523.40654,145.1409611,1,3876633.371,96195.02797
2006,11,2702544.34,468.94,26.95,95.85,13.58,122658.7322,44009.65274,16015.52173,66958.8944,122658.7322,5048076.575,8.077113598,2.016273636,11.22667269,0.038827173,37270.31268,9259.177928,52839.6506,188.0422214,1,4853544.423,126984.0689
2007,10,3173541.23,292.47,27.26,94.81,18.3,132902.1873,49068.0972,17773.62729,54706.11395,132902.1873,5709696.595,8.981547921,1.908551277,11.67359374,0.039482936,47646.18296,11832.1424,67359.39375,242.4861138,1,5682913.173,121547.8384
2013,2,2017438.57,92.65,27.01,88,17.66,76356.89367,37401.37997,13598.46204,24872.43697,76356.89367,3485103.869,9.656765627,2.353959622,12.80409433,0.044210223,33354.28254,7771.205101,45668.95492,159.34128,1,3543967.088,75872.27899
2017,6,2178041.1,207.62,28,87.66,19.3,87661.38233,38170.03031,13674.8877,34838.48579,87661.38233,3376380.009,10.4373241,2.531666726,14.29327642,0.046982392,34509.0808,9133.624254,49035.00033,168.3367424,1,3822389.529,86683.4038
2006,7,3533275.43,7.62,28.17,89.1,15.32,128097.2518,73515.85877,26271.96654,34091.16058,128097.2518,6037894.988,13.27904237,3.237368713,18.48570566,0.063934418,79399.5203,19042.6423,102738.1906,376.3661557,1,6151724.444,133878.9859
2005,4,2504318.21,13.32,28.71,82.53,12.89,91208.15818,50437.80208,17882.33699,23841.6258,91208.15818,4061213.761,12.08172598,2.721578807,15.81886113,0.056399912,49682.59597,12105.36707,67866.50438,245.1902513,1,4330759.219,92161.76487
2026,8,4009478.53,76.96,27.72,87.32,9.79,150763.087,73843.55137,26565.29531,45984.52618,150763.087,7983116.927,8.067938876,2.090399037,11.54065219,0.038212356,65692.5059,15427.84106,90806.49489,311.6724441,1,7029685.057,146393.3729
2007,7,3180218.79,43.62,27.86,98.29,31.71,117498.4312,60673.78738,21782.20497,33166.12984,117498.4312,3126436.203,7.780029246,1.82967726,10.844476,0.037615203,25219.43119,6047.282391,32465.63484,115.2062759,1,2972219.005,115622.1222
2017,3,4844373.98,14.8,27.72,87.51,8.91,176119.7136,96064.76215,34559.39927,46395.99352,176119.7136,8588023.052,9.029437318,2.138684633,12.57913589,0.0429805,77854.3007,18401.44098,111364.1896,376.2748371,1,8498081.575,177020.1549
2020,10,2141040.09,280.65,27.15,93.69,18.47,89133.07254,36030.92555,13072.74108,39271.33125,89133.07254,3835093.486,7.996855014,1.962344806,11.29432994,0.040589128,32552.63676,7842.634071,42742.24116,152.0089395,1,3822006.349,88374.99788
2014,8,3482468.98,47.82,27.86,85.07,8.97,128958.7857,65362.66377,23465.53596,36345.18201,128958.7857,5975562.971,8.621989854,2.128850913,11.49927785,0.038391327,51515.16948,12363.01161,72580.68488,243.9908088,1,6066519.004,125173.3817
2025,1,1484194.49,312.67,30.06,82.63,13.9,63153.15541,27688.91697,9626.825778,30846.15482,63153.15541,2615869.329,8.351472887,2.023771516,11.76850785,0.041114243,22199.041,5379.053528,30706.09032,104.3845399,1,2567384.365,68161.89757
2014,6,2578019.98,108.4,28.7,86.65,13.71,98803.95338,50498.74659,17906.56321,34514.9006,98803.95338,4631053.853,10.62153187,2.596969254,15.52601784,0.048747613,47500.92353,11814.81872,66249.42433,224.9034324,1,4511320.13,102920.2104
2004,8,3604721.32,15.89,27.53,85.71,14.86,131064.8884,74474.04,26867.86953,36253.1522,131064.8884,6194343.841,15.71906186,3.632657557,21.53339489,0.073971223,99349.60042,23862.24301,142830.9918,482.8531164,1,6291019.726,137595.0617
2002,10,2918239.82,283.17,26.9,94.38,16.14,121566.2503,48530.03947,17673.79778,53371.55545,121566.2503,4904608.914,6.082072031,1.427616033,7.602857092,0.027447892,28192.26978,6873.475214,39447.75101,133.0124866,1,5219466.467,119575.3927
2008,6,1978168.26,591.57,28.21,94.76,15.72,94883.04479,31479.43059,11243.00513,55622.65979,94883.04479,4057849,7.653574125,1.826322625,10.35000843,0.036563038,30307.94352,7048.192424,42071.64697,146.394102,1,3541844.331,98345.09551
2013,10,2377893.83,39.55,27.34,86.81,9.76,87543.14887,46084.28745,16672.89096,24962.44394,87543.14887,4420476.616,12.19892479,2.875543585,16.63403703,0.060846599,54318.52051,13381.97739,75561.91082,253.6026899,1,4163018.36,87719.62235
2014,10,2588030.94,225.22,27.44,93.25,16.91,104937.3704,43794.18721,15820.74209,42045.59969,104937.3704,5124288.426,7.758431172,1.861443254,10.54210132,0.036822941,40719.10692,9399.338494,54560.9713,180.9058063,1,4614243.497,101660.529
2003,7,4153349.21,56.7,27.55,90.53,13.38,154418.5243,80343.14318,28976.63122,46489.38272,154418.5243,7048079.371,12.29105765,2.989226555,17.38941982,0.060160218,90265.26697,20395.62114,123944.0284,416.1761739,1,7348589.98,155809.1571
2025,5,1772775.12,961.72,28.76,90.62,23.44,98279.46069,24698.16951,8750.148624,63532.64162,98279.46069,3339590.403,7.812069951,1.791505072,10.56245533,0.035000637,24885.98424,6192.346738,35933.97885,119.8326206,1,3137398.315,96980.95975
2021,7,3134581.63,29.54,27.88,88.15,11.41,114933.4802,63270.34875,22707.65846,32576.97451,114933.4802,4973595.24,9.190765708,2.280434778,12.68503496,0.044805088,46063.16007,11733.62101,64322.7135,237.1815307,1,5508766,118554.9817
2003,10,2090199.86,594.33,27.27,93.6,18.77,100184.7379,29567.0253,10708.27704,53161.91063,100184.7379,3698742.346,11.1950914,2.699037699,14.86610734,0.054292939,39459.28522,10139.17534,59731.13843,196.240457,1,3730310.017,93437.21297
2025,4,6068989.8,30.32,28.01,81.28,10.43,222697.5618,118729.5222,42530.04159,61221.99486,222697.5618,10473167.6,10.40105569,2.41694857,14.57025634,0.048037814,109872.7304,24601.16371,144013.929,526.9047424,1,10457274.02,222481.5587
2014,5,1956875.41,88.74,29.19,85.72,17.04,74318.53155,39576.83838,13933.8506,25145.37514,74318.53155,3208763.405,8.591084339,2.23043141,12.72771043,0.04148711,29740.05475,6529.412876,37550.18532,136.8350848,1,3395659.338,78656.06412
2024,5,1759393.48,722.54,28.37,94,15.27,89035.8694,26162.2425,9321.976118,53749.34905,89035.8694,3566628.857,6.753692676,1.711240938,9.032700501,0.033640098,24875.50974,5863.688105,34009.62213,116.6354117,1,3143449.684,89233.56767
2004,10,4224281.31,608.22,27.36,95.53,19.09,203685.3391,61433.53139,22219.48076,112238.9296,203685.3391,7088228.823,7.815581658,1.929398335,10.87241468,0.036375231,55706.51739,13608.87818,76141.4275,261.1996814,1,7579698.359,195891.9418
2001,5,2453560.73,175.32,28.15,85.95,19.5,97196.81148,47354.62011,16927.85634,39708.519,97196.81148,4957753.748,11.66235918,2.703748987,15.73837889,0.056120803,55637.379,13405.44739,72482.14875,267.5044441,1,4284939.352,103990.9955
2006,5,3566939.01,379.94,29.13,94.13,14.02,156268.5721,60407.86557,21286.39621,77155.20387,156268.5721,5852963.705,7.508599682,1.79850977,9.907766989,0.035322756,44326.0733,11030.14604,64528.43196,233.530284,1,6375249.542,158849.4656
2009,2,2025521.64,305.51,26.54,91.94,18.31,85215.48417,34533.99084,12645.06581,39951.2951,85215.48417,3182217.655,9.609208387,2.356110748,12.51427348,0.047705999,31615.35024,7056.706899,40938.34589,152.7739271,1,3598069.124,87130.35175
2000,8,3788606.47,56.12,27.66,87.58,9.15,140853.3848,76220.62249,27444.88563,43932.40067,140853.3848,6481313.66,8.313758392,1.900523566,11.009982,0.037343931,54434.20026,12102.30007,73259.02168,252.7144612,1,6647362.625,147597.9088
2006,4,2990534.76,4.34,28.77,87.08,11.59,108395.0906,65519.28723,23208.9965,29640.78965,108395.0906,5316457.928,10.84418754,2.50781386,14.31965051,0.049255341,54451.27226,13723.83964,73486.05416,267.3043521,1,5239616.269,118369.0734
2006,6,2002745.5,507.63,28.55,95.14,18.71,92756.7012,31517.06387,11200.34253,49535.61492,92756.7012,3514168.168,8.269662854,1.990835698,11.10470962,0.037372952,30566.4125,7146.82689,40101.20861,141.7133988,1,3589654.276,92253.02132
2024,1,1837309.46,355.07,27.22,94.96,18.28,79241.97042,30423.72475,11026.78425,38253.98208,79241.97042,3168878.607,9.469666664,2.230257462,12.83726491,0.044900138,30091.35917,6926.95484,39838.42946,141.7048821,1,3291478.654,79704.49107
2023,9,1879984.03,291.11,27.48,91.3,14.46,78718.56969,32782.21689,11835.58989,36328.60346,78718.56969,3409651.55,7.938063906,1.902358525,10.44817083,0.036890392,26704.32988,6731.163379,38991.86167,127.0479078,1,3333525.016,80946.41024
2020,6,2007647.77,380.76,27.73,90.09,17.03,87720.27827,33039.04982,11884.06938,43136.20081,87720.27827,3631259.274,8.098726458,1.879149935,10.89170654,0.037357816,29481.43473,6698.600149,37972.7385,130.0325858,1,3547747.835,88059.32001
2000,4,4587910.88,12.73,28.25,83.54,12.86,166837.6051,91812.28094,32771.81249,43572.17295,166837.6051,8107892.366,16.33087816,3.979058,22.13930456,0.077328762,124131.4725,30904.87477,174301.3179,601.6918318,1,7957119.7,168156.2664
2009,12,2242348.36,357.58,26.95,98.87,25.84,96766.07256,35850.82619,13046.44891,45465.24364,96766.07256,3976656.505,6.671081164,1.691247549,9.67241572,0.032888479,29698.05306,7009.338177,38428.23985,135.1601945,1,4060930.252,94362.51874
2008,9,1168438.69,711.65,27.53,92.84,9.8,58781.22245,17428.57057,6287.675008,35825.99326,58781.22245,2268931.133,8.133180197,1.947397257,11.47974335,0.040455922,18120.38841,4345.9323,24571.64826,84.34917727,1,2080833.515,59542.23883
2019,4,2833113.35,6.77,28.98,85.25,15.61,102883.9988,58394.61848,20621.93524,26649.98469,102883.9988,4924400.871,16.10603473,4.144270029,22.14022379,0.079453059,82896.72951,19840.29362,108468.9099,370.5044972,1,4646537.78,105666.5384
2005,1,2587765.85,164.11,26.36,91.19,21.04,101489.5364,45920.46022,16860.20716,38368.56268,101489.5364,5091505.414,11.19791974,2.916609434,15.47148033,0.051235608,54671.25144,13091.47095,77331.5842,261.4497323,1,4587116.875,101149.2301
2007,11,3273322.61,630.68,27.56,95.28,18.81,159368.618,51456.11005,18555.44699,96335.24192,159368.618,5576511.655,7.358950106,1.79809088,9.716433947,0.035615475,41267.81513,9365.221319,55510.32649,197.6321682,1,5869285.661,166346.799
2022,2,1858983.25,275.83,26.92,95.56,17.37,77170.38983,31630.91253,11515.96917,34247.77257,77170.38983,3331953.082,7.171334653,1.810447115,10.16010133,0.035264457,24417.85528,5984.164524,34142.85913,118.3867658,1,3335883.476,77394.65427
2006,2,2770086.48,238.22,26.77,94.12,11.51,112863.9661,47114.57677,17191.88538,47086.42506,112863.9661,4493506.999,7.490057688,1.798344317,10.5100966,0.036618804,32975.17092,8164.859965,44874.61277,158.2055783,1,4950883.229,111392.8872
2015,2,1679801.31,146.26,27.28,89.71,17.28,65426.51178,28761.44464,10414.96429,22539.28459,65426.51178,2891612.746,11.98115683,2.867353973,16.21099486,0.055035031,33402.13771,7923.051924,45129.84479,167.6532803,1,2965213.269,61715.69352
2001,6,2025287.11,528.13,27.9,96.31,20.43,94507.37872,31483.99042,11296.22476,51407.00082,94507.37872,3626497.649,5.643972476,1.509876267,7.730442267,0.026982754,22411.54973,4781.458392,27767.41,98.42226972,1,3641905.036,94187.216
2002,1,2329523.44,152.62,26.89,91.05,14.72,90942.80088,42897.59828,15624.90775,34435.34356,90942.80088,4174045.993,8.452494402,2.017866637,11.5498132,0.041503473,35897.23684,8940.884917,47413.12657,180.3566556,1,4127721.409,92957.84959
2012,3,5953372.81,10.16,27.9,87.55,15.33,215986.4524,120155.7032,43110.98468,56626.27838,215986.4524,11428044.09,10.26272838,2.611810035,13.93372086,0.051936576,115759.771,28006.47374,153644.9392,511.7337583,1,10444696.48,219892.9662
2021,11,3035715.07,243.31,26.97,91.6,17.08,124054.4261,53305.6491,19392.59907,53730.83184,124054.4261,5585780.103,7.172464851,1.755578299,10.9841342,0.034852083,41125.57729,10118.35546,56105.29931,201.787906,1,5387382.344,126429.08
2023,4,4761391.78,7.74,28.19,84.08,12.73,172642.5823,89827.78042,32091.80864,41667.20204,172642.5823,7827550.099,11.15813597,2.46489613,13.60657585,0.045860622,81066.32094,19289.90158,112210.9039,391.3674688,1,8270854.948,163586.7911
2018,9,1332196.08,167.9,26.8,88.88,14.39,52404.54945,25533.68634,9312.915596,21413.8853,52404.54945,2426218.1,12.26140363,2.683349287,15.42498397,0.052481324,27735.39989,6482.050971,38816.16462,128.7865814,1,2346086.11,56260.48723
2019,12,2057851.75,183.2,27.2,90.81,18.27,81659.42008,35415.84948,12839.97081,30751.73008,81659.42008,3527105.882,10.03249439,2.440680447,13.16796428,0.046337303,36357.92324,8766.035157,48916.94616,175.9580544,1,3643872.391,79007.55036
2019,1,1858230.89,143.83,26.69,92.22,17.78,72180.97051,34869.84025,12739.17909,27375.69967,72180.97051,3365457.52,7.491842422,1.867904334,10.13867098,0.035013197,24538.0039,6150.660439,34164.78563,115.8354431,1,3303500.935,74984.71901
2026,10,2894970.84,797.28,27.89,94.84,17.9,150707.9283,38790.16469,13919.68662,86761.40669,150707.9283,5151575.867,5.774462988,1.346362817,8.244708534,0.026618402,29078.97074,7483.566526,41366.24436,136.1313498,1,5184506.778,139471.258
2009,7,6127510.51,2.62,27.47,85.56,14.47,221126.3555,117022.0208,42255.5604,53511.3853,221126.3555,11859054.91,14.81663455,3.575406384,18.68464599,0.067086118,167742.8371,39951.07698,223566.6825,771.8432237,1,10689237.83,212788.9665
2007,1,1943392.34,47.03,26.54,90,17.15,71689.79857,37678.2451,13796.37503,21300.74077,71689.79857,3393214.077,10.16818052,2.326015814,13.75924089,0.046837506,34312.93445,8418.780607,48049.53714,163.019946,1,3433326.467,72775.3609
2017,7,4512497.56,26.56,27.76,83.19,17.53,165135.2679,87443.24666,31439.13807,44517.8195,165135.2679,7289370.762,19.10285428,4.780002478,26.16957191,0.091620096,130253.7451,33185.35109,182232.9498,589.7973864,1,7106327.869,163400.2042
2020,7,3883306.58,9.88,27.48,85.09,13.53,140707.6152,79445.57626,28682.78441,37624.64245,140707.6152,6730139.309,11.54785686,2.647304143,16.07870618,0.057817105,80007.18396,17957.29035,105132.1909,351.9719869,1,6765173.115,145753.0031
2002,8,8516336.98,81.83,27.1,85.54,18.86,320555.8874,154018.3415,55922.78544,98504.49138,320555.8874,14230034.63,12.3777558,2.921106774,16.80900082,0.058381711,167470.5806,38874.45809,237844.317,791.719909,1,14205451.24,308445.6183
2018,3,5959984.86,15.01,27.6,86.84,12.84,216635.1378,112721.683,40624.08615,54591.15476,216635.1378,10254305.82,10.48466153,2.505278415,14.34912844,0.052042026,116665.0632,26242.64687,146641.4395,513.3485509,1,10435138.83,207936.9239
2015,6,2585042.78,117.04,27.96,89.9,23.06,99338.24578,49265.99423,17660.59443,34994.46787,99338.24578,3835811.2,12.24218995,3.129435428,17.24299223,0.055913678,46350.96296,11806.70898,64008.02826,224.0501882,1,3670249.203,101921.0565
2025,11,3138149.56,177.84,31.41,77.6,18.14,125451.6943,57433.02309,19588.92808,46259.25365,125451.6943,5383098.075,15.06243851,3.48629363,18.92364292,0.071286377,78879.60299,18419.23963,108369.9823,358.5459498,1,5345820.437,123281.2048
2018,7,4194289.41,117.04,27.28,87.74,13.33,160906.2378,80832.64259,29270.75106,57999.99322,160906.2378,7422117.668,9.568308836,2.266941975,13.02033861,0.043301711,67897.05196,16108.63422,95769.19019,330.8399936,1,7362515.821,168103.3869
2022,6,3278015.93,414.78,28.95,95.02,15.33,145843.9939,55273.89969,19528.39435,75035.41425,145843.9939,6020100.807,7.247608461,1.838345366,10.45448092,0.036857967,45115.09555,11302.22073,63029.70334,206.7701638,1,5873439.676,149837.7083
2011,9,2447059.39,491.09,27.35,92.67,17.56,112243.2585,38059.43773,13767.51608,59466.2043,112243.2585,4371455.195,6.685636195,1.595440324,8.9513867,0.030740259,28132.34966,6748.27518,38710.58529,140.7130284,1,4355806.499,111293.1581
2004,12,2615173.28,83.51,26.45,91.42,27.42,98361.22037,44306.41867,16245.44993,28785.92194,98361.22037,3260681.791,12.85399126,2.851845616,16.53323563,0.056717743,40404.26583,10228.87424,58638.08794,190.890453,1,3134955.799,89337.79055
2026,5,2363731.63,83.2,28.61,86.39,16.25,89376.78095,42859.57533,15217.79048,26935.48915,89376.78095,4200332.727,12.01302814,3.018514747,16.2789201,0.060379438,55410.48751,12919.48731,70477.74506,253.7658437,1,4133260.524,85012.85496
2000,7,3803043.7,19.13,28.03,89,11.88,138704.2877,75067.89847,26882.08934,36816.70149,138704.2877,6539464.313,10.91110226,2.639920722,14.62119033,0.050236966,66957.51995,16218.14639,92247.18791,323.3347224,1,6699695.318,138766.6893
2016,8,5214331.93,8.63,27.76,82.03,9.72,188944.6594,101682.7443,36558.77336,47670.35554,188944.6594,8882624.978,13.07665645,3.079428519,17.59187153,0.064047541,116835.7776,27408.51365,159191.9621,532.5416549,1,9004195.282,185911.8732
2002,7,3308531.15,5.46,27.64,88.31,15.51,119638.5858,62231.48057,22414.45057,28782.95634,119638.5858,5645480.026,10.73301092,2.671003921,15.53995548,0.049147729,58853.33392,14811.63481,82415.95485,271.3275336,1,5761344.743,113428.8875
2001,11,3595188.55,760.33,27.21,96.15,19.42,184263.6914,52907.98317,19178.85322,115112.6757,184263.6914,6737631.454,9.865194608,2.398816106,13.14378573,0.046107748,68555.73556,15439.2476,92809.40607,312.8467095,1,6462051.82,187199.5121
2022,12,1247016.78,98.48,27.18,88.49,18.97,47363.61964,22937.16225,8318.32679,15517.83863,47363.61964,2020893.082,10.04603055,2.470469523,14.50144283,0.049685739,20555.80236,5238.164304,28024.02338,105.786991,1,2138843.879,46773.32767
2020,9,2241172.46,509.5,27.03,92.45,16.58,103558.2032,35580.34193,12932.48654,57347.495,103558.2032,3813971.986,7.386430131,1.848603886,10.1336373,0.034616414,28655.40143,6955.811484,38914.5397,135.8433693,1,3986859.042,105860.3235
2004,9,1820544.22,292.18,27.56,91.37,16.78,76282.66581,30660.37625,11056.35435,34010.72803,76282.66581,3262210.559,8.227124316,1.942258121,10.83416243,0.039656553,25307.71267,6404.643411,37509.37999,130.3913506,1,3228765.517,75727.45863
2014,1,2121993.28,319.33,26.57,92.55,21.59,89868.12112,32524.32573,11903.80709,38637.52586,89868.12112,3492337.791,8.972018455,2.213518687,12.67279527,0.04397054,31361.03876,7729.219046,46449.14783,156.4432765,1,3775910.209,83065.65868
2016,7,2368300.67,9.05,27.8,96.29,30.54,85845.87719,51611.36181,18545.22523,24230.49584,85845.87719,2072030.895,10.31223483,2.549051123,13.81153795,0.051652913,22304.14199,5451.225653,30273.89028,104.1403363,1,2144769.394,94387.08288
2021,10,2698532.25,176.84,26.79,88.46,13.14,106633.1343,51370.63432,18739.25933,44135.64053,106633.1343,4724896.328,8.406622443,2.021514872,11.58659083,0.039211899,39254.65775,9034.37461,53752.58542,180.3016916,1,4746628.277,114245.5342
2006,10,4333030.79,459.89,26.78,94.61,17.36,195804.1638,68326.51598,24928.2691,102811.9718,195804.1638,7689180.802,8.206503477,2.074254129,10.39829576,0.036450162,63849.91167,15659.86897,88159.64202,298.1398596,1,7754897.422,196066.7569
2012,5,2021081.99,260.92,28.36,86.55,15.39,83573.17374,33484.23084,11932.65772,34375.00373,83573.17374,3574132.981,7.765280076,1.743151284,10.26942048,0.037086488,26534.7481,6638.797207,38584.34809,132.9244183,1,3535714.518,79791.89229
2003,4,5529362.32,12.97,27.87,86.21,15.66,200899.1409,112018.8215,40209.38444,53521.20377,200899.1409,9806498.391,11.91496986,2.842263633,16.93623592,0.055239527,113056.429,26945.19347,151662.9137,532.0747839,1,9540883.725,205749.4097
2018,8,5937619.76,23.39,27.6,85.24,10.54,216819.7148,118701.3942,42779.13116,59727.68819,216819.7148,10322473.34,12.1468443,2.821429778,16.52287623,0.057839415,125813.2973,29632.45254,168389.7098,573.6229956,1,10348479.56,221208.2135
2025,7,3749766.14,6.17,28,87.63,24.52,135776.1651,72801.77728,26082.14143,33608.46937,135776.1651,4043689.429,17.08348906,4.002580502,21.89730645,0.077673714,66594.32726,16188.97746,89788.96096,307.8008283,1,4075051.71,132492.3881
2015,5,3320894.96,563.36,29.04,92.44,18.56,157672.1011,54560.11377,19250.96194,91846.3394,157672.1011,6408721.016,6.451906965,1.503276965,8.626588126,0.030039679,39457.38812,9861.984719,54105.69173,189.4931315,1,5907429.348,165657.4151
2012,10,2169957.34,392.46,27.74,94.64,14.66,95323.12846,34543.91805,12423.52363,46002.75508,95323.12846,3809729.057,8.54892406,1.977067054,11.36872782,0.039222334,30407.18188,7258.115762,42780.08639,150.1050114,1,3883934.311,92970.19676
2009,6,3371746.65,228.83,27.36,89.72,18.74,136933.1046,55413.07416,20041.98208,53716.26985,136933.1046,5742797.842,8.216388113,1.86405683,10.7342249,0.036191159,47040.76793,11118.64178,65135.89066,226.5092555,1,5952031.97,129171.3261
2009,3,3201906.09,12.02,27.19,86.75,15.25,116066.4936,62736.11956,22748.30173,30144.34332,116066.4936,5715863.548,16.28755218,3.732709248,21.80394522,0.078805622,88619.11069,21868.35267,124443.4631,434.6465515,1,5604669.785,115628.7646
2005,7,5752678.71,37.46,27.84,82.97,12.28,211820.8104,113631.5858,40806.4158,60561.82185,211820.8104,10221844.82,14.19425985,3.405049368,19.54825227,0.069268374,141221.746,34230.85893,183994.6235,659.5141242,1,9960859.064,214999.8234
2018,12,1210911.7,200.31,26.75,93.81,12.22,48414.58824,20135.31108,7349.491898,18387.96938,48414.58824,2030963.398,8.145553643,1.965345752,10.46168542,0.036739389,16341.44329,3808.638365,21538.45878,76.14008932,1,2162345.205,45872.77237
2001,7,4284404.91,11.92,27.43,88.82,18.21,155395.7689,86857.795,31382.2373,41565.7733,155395.7689,6382466.252,12.37336345,2.996312156,16.3418648,0.058720072,80882.72519,18987.28024,110948.1896,391.1323494,1,6494383.732,159805.8056
2021,5,1837321.29,551.82,28.63,94.8,13.98,86736.83158,28904.31515,10259.80775,48209.55416,86736.83158,3161759.149,8.660195972,2.113414624,12.47672367,0.043858207,27267.16066,7125.453362,37080.55086,128.1011561,1,3290029.99,87373.67707
2009,11,2802469.58,330.05,27.28,97.66,28.24,119479.0672,44081.38541,15962.55198,52880.94172,119479.0672,4421854.262,6.980419708,1.811511661,10.07600071,0.037321391,33254.71735,8451.425198,47056.82948,154.3513133,1,4578092.62,112924.8791
2001,8,4255822.96,11.04,26.91,85.53,19.68,154072.753,83535.11252,30417.46813,40120.64047,154072.753,6081590.407,16.39505816,3.892755209,23.50913767,0.080375392,95733.49502,22766.59339,138212.6794,466.6759824,1,6017336.135,154073.2211
2024,4,4131533.43,13.85,28.92,85.71,16.91,150598.6395,81064.61457,28652.83987,38296.31129,150598.6395,5570406.717,11.9494952,3.014116795,16.95485853,0.057483454,70225.34592,16367.62339,90512.73289,305.3886694,1,6364061.585,148013.7657
2007,9,1499224.61,719.56,26.98,93.04,10.55,75581.25664,21537.33279,7834.107612,45024.57497,75581.25664,2655859.539,7.532950937,1.949365132,11.23798162,0.03623152,20920.05863,5059.013724,29565.54708,96.01788168,1,2671418.358,74396.01538
2006,8,3716602.5,22.84,27.83,86.2,12.34,135757.0781,75253.75092,27028.49557,37643.9372,135757.0781,6926260.253,10.29587515,2.409111591,14.03627005,0.049207242,74220.05903,17067.95042,98795.51832,329.1585832,1,6495382.303,139926.1837
2019,10,2132512.87,370.7,27.57,93.73,19.47,92713.36305,34638.36931,12488.9898,44546.66548,92713.36305,3529451.508,10.12262343,2.442748517,13.58701896,0.047567008,34159.83649,8315.444625,47512.83193,164.5953312,1,3807210.769,91674.0246
2012,12,2285029.55,280.51,26.59,92.49,19.94,94998.88848,36891.90973,13498.25417,40537.78818,94998.88848,3975856.121,7.802710536,1.899820268,10.77248747,0.037483751,33205.83643,7557.590886,40144.87506,143.1021796,1,4065334.156,90927.95208
2006,1,2274906.6,349.61,26.45,94.41,16.98,97699.01947,39184.82512,14367.55968,49353.46549,97699.01947,3812933.821,7.618499706,1.866685241,10.58411292,0.037944667,30432.69235,7527.810922,42299.50614,146.6675038,1,4069163.351,102905.8503
2008,1,2324894.82,340.77,26.56,95.09,22.52,99458.22873,37211.52272,13621.36381,46037.65566,99458.22873,4263705.382,9.399634111,2.249808844,13.06105593,0.042840357,42203.93736,9728.98682,53748.60105,185.7568772,1,4166482.755,96870.54219
2001,4,4503871.18,21.14,27.81,84.92,15.03,164351.703,87029.4957,31267.19295,43215.16906,164351.703,7739195.762,12.27969633,2.911978487,16.88799496,0.056076661,92999.12375,22671.01389,128197.0703,428.0814611,1,7842440.757,161511.8577
2009,4,4090731.93,1.11,27.43,83.67,13.17,147484.7139,83526.93524,30178.77788,37932.83762,147484.7139,6688498.461,12.80786635,3.0560483,17.5945532,0.059305303,85678.24906,20790.4372,115889.8461,418.6849222,1,7097488.077,151638.5507
2000,11,2929521.57,212.74,27.42,94.31,13.81,118045.3149,51967.21064,18778.86068,48442.41849,118045.3149,4744624.735,6.802780671,1.625551251,9.342695109,0.033595991,32421.43565,7587.770636,42140.13934,151.7070071,1,5238619.297,119188.4898
2015,4,7320047.36,16.29,28.83,86.83,14.41,267118.4238,140920.2281,49874.65991,67421.18869,267118.4238,13714581.41,15.96901866,3.583154634,21.76908379,0.07956499,222719.9101,51554.74287,289866.2641,1019.525335,1,12816060.92,258216.0767
2005,10,2729021.34,381.27,27.22,91.93,17.4,119134.333,44522.43352,16136.72464,58623.71205,119134.333,4956689.396,7.187493994,1.74493028,10.00240335,0.033053927,37750.18406,8675.041902,47651.26645,174.9799475,1,4847606.09,119282.8702
2008,2,3020088.61,42.44,26.95,88.53,13.98,111248.351,60031.30098,21845.94845,33102.0734,111248.351,5363388.933,8.728013743,2.021946581,11.71896525,0.03884851,46052.00117,10978.89436,57715.91206,215.0155539,1,5313292.226,114979.3228
2013,8,2419159.22,35.49,28.33,85.54,12.19,89094.08299,47981.69626,17106.61263,25177.7263,89094.08299,4417220.872,13.76832847,3.188354547,16.72102609,0.061722548,57601.50259,13193.61082,78367.69541,270.051553,1,4219900.705,90266.03518
2005,9,1090097.28,103.57,27.55,84.45,16.92,41553.31495,21347.71535,7699.286469,14607.95246,41553.31495,1836930.821,11.32307154,2.550206716,14.62665634,0.052570019,18850.48305,4656.588603,26442.12373,88.08690082,1,1895588.328,43654.95428
2001,12,1408875.99,264.6,27.24,95.67,15.49,58211.3239,24752.21198,8968.517694,26042.33325,58211.3239,2796858.768,8.146880538,1.89337817,10.94554098,0.040327857,22057.49361,5251.269391,30715.98536,102.58804,1,2528955.883,59763.06293
2003,2,1869403.6,168,26.68,93.69,9.72,73518.99472,32281.74968,11795.43616,27129.50317,73518.99472,3194061.94,9.393207193,2.36672167,12.69661782,0.04659656,30325.73538,7573.557605,40541.42283,138.199373,1,3337103.523,71206.68901
2019,6,1829157.52,208.25,28.48,91.02,18.73,73726.50209,33039.58823,11753.46871,29989.71001,73726.50209,3143748.184,10.38238116,2.47527944,13.8097431,0.050717181,32727.99183,7820.113852,42237.23402,150.2164483,1,3240840.322,74782.76696
2005,8,3763227.27,54.71,27.5,83.72,16.57,139745.9772,74542.35564,26904.52719,42830.32575,139745.9772,6190882.116,15.85727358,3.711387246,20.62452651,0.073063921,102132.2619,21616.11236,130414.2671,483.6527412,1,6530202.841,144277.2086
2022,8,4826274.81,8.22,28.07,83.48,16.35,174986.3201,92376.75757,33060.92043,43024.65533,174986.3201,7234192.93,14.48015208,3.452739638,19.30792327,0.068080652,107324.14,23087.10015,138445.9583,495.0266604,1,7784822.334,168462.3333
2011,8,4803017.27,27.54,27.9,87.16,16.94,175925.419,101156.5714,36294.23559,51614.93979,175925.419,7405828.027,11.01619517,2.488743382,14.60224659,0.052014795,85023.43553,19178.91934,111762.7572,384.2791109,1,7891889.325,189065.7467
2010,6,3224361.37,119.37,28.18,86.4,14.69,124124.3663,58739.76556,20988.41972,41894.19754,124124.3663,5471541.601,9.287847978,2.30378801,13.26051586,0.041748629,48046.90859,11693.19377,66551.42607,227.9053774,1,5638333.249,121622.3828
2013,12,2526155.51,133.33,26.67,89.94,17.7,97589.20411,45572.94365,16654.41888,34696.35903,97589.20411,4720920.292,10.15326982,2.51441424,13.50285036,0.048001008,51120.31986,12023.36374,67926.18191,235.4834895,1,4462116.888,96923.72156
2007,3,5052653.2,93.97,27.93,88.39,12.84,191812.4866,92108.70731,33033.26139,60692.42407,191812.4866,8458321.841,10.20247741,2.495552228,13.570805,0.047522729,79925.88029,20011.05162,111843.5631,382.6696455,1,8885680.128,185834.3928
2023,11,2779679.61,69.26,27.28,87.94,22.48,103974.7479,53637.96449,19423.13718,32686.71199,103974.7479,3884763.028,13.61782012,3.197241818,18.05838433,0.063462265,49581.90733,11817.99769,70227.12298,239.8901818,1,3806792.537,105747.8137
2012,4,3321807.64,12.59,28.05,82.89,11.56,120723.5043,70048.71861,25077.29393,33319.88698,120723.5043,5360944.902,10.62696904,2.502436845,14.23674264,0.051093236,57264.66373,13470.48477,75984.37189,255.1424124,1,5750436.569,128445.8995
2022,11,2307095.97,165.47,27.29,90.76,18.05,90749.68049,41203.35211,14918.14321,34075.83624,90749.68049,3825451.836,8.60054739,2.091369422,12.39696763,0.040857949,34590.53356,9024.0748,48473.61064,159.9455945,1,4084636.512,90197.33155
2011,12,2801791.16,29,26.88,88.94,16.93,102433.4856,56562.08356,20605.1196,29491.07743,102433.4856,4672646.192,10.94480922,2.818806877,15.71026827,0.051477472,52008.99529,12256.41826,72777.44412,242.1774372,1,4818748.603,106658.2806
2019,11,1982110.16,225.07,27.39,93.74,17.53,80353.56666,34256.99441,12384.63874,32902.11493,80353.56666,3605291.818,8.058637457,1.847469452,10.28918705,0.037142744,29609.08716,6933.727214,36693.66306,132.2582861,1,3538793.409,79543.74808
2012,2,2566083.65,309.78,26.97,93.28,20.08,108282.4065,42310.68988,15392.6321,49042.84993,108282.4065,4751870.015,8.192736301,1.900125435,11.24359982,0.036751421,38902.4608,9280.099076,54522.46311,174.8000077,1,4575498.22,106746.1719
2017,8,4834476.93,5.74,27.16,83.67,13.03,174623.361,95854.28939,34772.65087,44713.28244,174623.361,8471487.887,11.68004763,2.551537819,15.01629806,0.052622916,95025.05743,21728.23703,134784.2392,439.5222565,1,8387898.048,175340.2227
2012,9,1675780.29,240.33,26.98,90.41,10.29,68382.2087,31455.80144,11441.90582,31488.83994,68382.2087,3030881.596,8.889817001,2.06573252,11.86491813,0.041918556,26469.55738,6540.774669,35608.05717,122.6715574,1,2963980.529,74386.5472
2017,5,2678485.17,103.44,28.52,83.52,17.9,102341.9708,54076.04781,19225.67206,36461.48707,102341.9708,4714182.468,10.48663677,2.316525051,13.90964497,0.045960777,44860.97514,10995.56767,62238.02221,226.3681016,1,4612283.051,109763.2069
2010,10,2873564.13,265.56,27.41,90.39,16.19,118830.6083,50978.26143,18424.24053,53609.93389,118830.6083,5042510.316,6.954255548,1.791557114,10.06574323,0.035112049,38389.54445,9301.313033,52009.30271,176.4879315,1,5082233.413,123012.4358
2003,3,5112438.68,1.73,27.55,89.38,8.49,184442.8075,103958.3024,37493.69608,47272.52069,184442.8075,8218233.283,9.526018086,2.054729345,12.24660995,0.041318519,77589.56082,18414.69904,104100.5232,362.2378265,1,9016126.441,188724.5192
2018,10,2390903.85,327.25,26.54,93.1,12.15,101629.4716,39311.61397,14394.45408,47434.22447,101629.4716,4283704.072,6.744195169,1.792954339,9.330356764,0.031206174,29972.88203,7334.713761,41566.94089,144.7479598,1,4260989.145,101140.2925
2016,3,2639356.13,22.22,28.04,91.49,11.35,96428.39265,49980.66671,17895.61628,24854.77406,96428.39265,4883743.22,10.62928982,2.331972286,14.01288682,0.04751216,49001.62216,12046.61209,72392.00326,229.0085468,1,4682525.7,92731.05705
2013,3,4442477.47,2.51,27.8,86.31,12.81,160447.931,88488.35683,31796.03192,40243.84015,160447.931,7329837.838,15.50353083,3.665095477,20.23433328,0.073688625,116141.7323,27184.18313,152573.3696,551.309708,1,7766413.154,160528.2289
2009,5,2328585.83,144.79,27.79,86.44,21.47,90740.74162,42189.76385,15162.06188,32673.29572,90740.74162,3781225.08,10.46710542,2.407402836,13.72165575,0.049529362,36182.11149,9413.341488,54670.43348,182.3186013,1,3696799.858,90025.12145
2016,2,1571869.76,617.1,26.94,97.68,11.38,76008.82595,23436.4333,8530.016397,43561.72749,76008.82595,2908719.808,7.693114735,2.041364569,11.42303633,0.039710636,24066.49825,5600.027707,32712.98934,114.2225272,1,2837329.708,75528.17718
2009,10,2485977.78,353.43,27.24,94.49,24.89,107141.6288,41710.87403,15113.1831,52275.55576,107141.6288,4246257.834,7.232966784,1.629215139,9.678855686,0.03341017,29247.22548,6921.447167,39440.80781,144.2707564,1,4447704.279,109099.6129
2024,12,2344262.5,137.92,26.68,87.28,13.39,90780.35491,45850.03897,16753.1566,35382.66673,90780.35491,3898335.018,10.85467257,2.590595274,13.99404383,0.051982333,42398.51227,9609.271522,53754.4956,200.5796839,1,4109648.447,97985.8623
2026,1,2605167.57,333.13,26.68,95.14,16.09,111079.0325,42102.03192,15383.67141,51259.35463,111079.0325,4321595.636,7.229400991,1.693530947,8.731757301,0.030968056,29326.98874,6867.160035,42881.65665,141.9071411,1,4669415.514,108745.058
2025,8,3717628.73,10.46,27.95,85.22,15.5,134914.4795,76685.89588,27493.99095,36164.90834,134914.4795,6553292.055,12.55865971,3.074772247,17.41581037,0.060899752,81079.4946,17919.49049,110397.9461,379.7778639,1,6412579.352,140344.7952
2016,6,2610072.97,145.78,28.14,91.33,13.35,101848.7933,45108.69758,16127.38448,34853.29379,101848.7933,4641510.768,10.28840403,2.369809399,13.36459474,0.044771005,45973.18072,11033.46514,62875.96226,215.6807907,1,4628485.899,96089.37585
2016,11,2435135.67,369.74,27.67,93.45,20.61,105846.6062,41502.75266,14941.74552,53205.68807,105846.6062,4177510.028,9.877394236,2.483762137,13.82253756,0.048917019,43847.54616,10198.36263,57361.05884,206.6172567,1,4344079.107,109650.1862
2012,11,3581339.68,52,27.06,90.7,16.87,132646.6508,66721.88122,24240.68564,38179.07989,132646.6508,6720645.706,10.13481439,2.605191188,14.47589876,0.050186618,74072.29753,15578.71635,90975.51083,316.8514448,1,6339568.124,129141.6468
2017,1,2951888.37,406.79,27.02,97.56,13.73,130317.3677,46025.07699,16731.37222,63452.68344,130317.3677,5102084.678,6.265824918,1.4434408,9.143781217,0.02811308,32717.15451,8101.745287,43974.24437,154.9016606,1,5326584.167,126209.1327
2000,3,3474627.01,6.28,27.88,84.56,11.53,125781.4455,68046.72205,24421.89357,31485.92628,125781.4455,6580192.443,14.00612156,3.514971639,20.21602962,0.067615951,93787.34351,23568.59895,133898.9003,461.8759105,1,6043997.863,123954.5419
2009,8,4549320.35,4,27.34,82.17,11.61,164242.8653,90346.39462,32686.53309,41675.32969,164242.8653,7717775.77,13.1426919,3.381613134,16.67985785,0.061729323,103215.6838,24423.67467,141344.8155,496.3901736,1,7859026.727,164708.2574
2023,12,2638477.93,697.81,27.16,92.16,21.74,131909.9508,39324.68801,14265.64899,80049.01452,131909.9508,4797094.862,7.090701099,1.739662799,9.833071936,0.034457185,35017.66012,8510.646833,46176.43725,164.0292533,1,4689806.571,133639.3515
2016,12,1640144.74,281.91,27.01,92.53,20.53,68299.94028,26753.35456,9727.033513,29297.217,68299.94028,2911651.348,8.494708391,2.129880657,12.1345862,0.040716626,25472.28914,5924.776639,32503.52622,121.0971929,1,2918336.872,65777.60508
2010,1,1289128.18,249.67,26.67,96.87,14.07,52807.64022,23070.10102,8430.860404,23694.40624,52807.64022,2304055.152,5.788306148,1.343185761,7.792667971,0.026725605,12643.50315,2943.21688,16775.71887,59.75725008,1,2321741.338,55195.36766
2020,5,2066425.45,56.2,27.99,81.68,12.83,76894.29142,41598.45246,14905.36531,23867.2162,76894.29142,3616448.274,13.20462421,3.286994059,17.51744896,0.067907628,48088.16653,11609.4131,68403.13005,230.0347982,1,3564721.663,80371.03397
2023,5,1997926.68,156.08,28.69,88.42,13.54,78479.41938,37493.76683,13297.01763,29592.51274,78479.41938,3280026.061,7.905091726,1.89485279,10.03995928,0.034823175,24849.79103,6308.923421,35321.48279,125.280009,1,3513886.847,80383.29721
2010,8,4870708.14,11.93,27.63,83.34,13.45,176755.0145,96530.46353,34773.37831,46059.51291,176755.0145,8483663.232,11.58042894,2.927637942,16.8434201,0.058268054,105679.9395,25943.72901,135549.371,494.8375908,1,8442723.133,177363.3548
2006,3,3069657.05,13.52,27.81,88.74,17.88,111546.5686,62162.98089,22333.36988,29803.88211,111546.5686,4784634.322,12.78650606,3.049088814,16.97263511,0.057369601,59557.87719,14788.75132,80084.24941,289.8337552,1,4687714.348,114300.2329
2002,6,2161548.89,113.41,27.95,90.25,23.22,82904.82139,38394.66748,13765.53834,26964.10858,82904.82139,2768633.715,10.98511632,2.781731112,16.44977983,0.055345504,33632.2045,8140.877748,44265.72905,160.1630575,1,3033981.743,79124.3144
2006,12,1596111.25,524,26.72,98.6,17.71,74168.49677,23828.89879,8701.600827,39374.74374,74168.49677,2644625.849,6.569079653,1.479660147,8.395713445,0.02843739,17109.68068,4003.921862,23325.9206,77.24775394,1,2888429.325,71905.24336
2022,5,3553292.77,263.01,28.8,91.62,17.3,147229.3105,60797.71861,21527.03146,62295.19273,147229.3105,6337274.291,8.402923548,2.12513012,11.26102276,0.04073659,54990.48583,13332.09884,74077.62443,266.5756527,1,6306265.565,144619.9428
2008,12,2453838.2,187.95,27.4,92.17,39.32,97653.42508,42665.68992,15422.26276,37394.16773,97653.42508,2274746.831,12.19222965,2.883707412,16.68894714,0.053447196,29134.19113,6633.858092,37513.69968,132.0369199,1,2339546.565,95482.1204
2014,9,2665694.71,465.73,31.77,83.19,8.36,122041.3047,46519.79899,15786.74868,65685.70122,122041.3047,4577468.103,6.797957716,1.610784409,9.134087277,0.032426644,29888.84967,7394.197238,39297.60267,146.1276403,1,4618627.083,127992.2489
2015,3,3815524.42,15.69,28.41,88.44,18.41,139034.7654,75426.09062,26859.58901,36208.40471,139034.7654,5218160.887,11.81660313,3.065504097,16.97240347,0.055818722,67418.22294,16232.40453,88982.00583,305.8835365,1,5558148.291,138494.0843
2011,2,1405654.6,74.42,27.32,88.63,21.53,52729.70695,26747.18969,9679.787814,16602.04607,52729.70695,2033381.68,14.39320712,3.353248293,19.34829462,0.068407632,28488.90241,6727.441316,38270.34005,129.6472602,1,2029224.787,53029.02358
2018,5,4572257.44,227.58,28.49,89.39,23.2,186066.8057,79177.42347,28162.36157,75260.39101,186066.8057,7692194.232,8.629270049,1.958656618,11.185775,0.040080577,66006.09012,14993.72834,89118.38006,293.6908395,1,7456147.213,182600.1761
2020,11,2860792.65,451.33,27.32,97.95,18.84,128932.1348,43568.88991,15767.54846,64186.73338,128932.1348,5211954.006,8.644370538,1.969356372,11.36964906,0.039565191,44559.1634,10108.82123,58652.05775,214.0976551,1,5167783.523,123523.1718
2024,11,2538110.3,41.62,27.52,87.78,16.27,93590.52605,48215.66104,17397.26895,26272.05078,93590.52605,4239605.056,12.34402264,2.752652965,16.25220089,0.059840287,49525.69333,13312.86623,70387.81936,247.2632372,1,4455821.839,91884.98077
2005,6,3160712.68,104.02,28.52,85.18,16.72,120804.1047,58160.32701,20677.75696,39290.32295,120804.1047,5433191.233,12.47436668,3.022960475,16.68073628,0.059304549,67544.15866,15966.93911,93213.44129,316.7554436,1,5507752.559,118128.4069
2019,2,2928633.93,301.56,27.28,95.22,16.55,123185.1933,48363.98866,17513.3489,54899.97047,123185.1933,5568043.687,8.098150293,1.991518471,10.71025386,0.039511572,42968.70195,11143.96252,65014.52287,217.7725464,1,5250357.289,120777.308
2007,2,1659246.05,137.32,26.98,89.98,14.77,64281.00799,30996.0379,11274.66891,23769.82073,64281.00799,2830935.628,12.83145674,2.805899578,16.04692372,0.05982306,33694.91172,8311.570007,48391.13396,165.3083608,1,2931168.764,66040.52754
2020,8,3815398.83,49.64,27.47,94.4,24.42,141284.62,69774.19989,25194.81289,39310.20681,141284.62,4532103.564,9.481457481,2.412833888,14.30613492,0.048655942,48677.68129,11538.47246,60640.38437,218.6324462,1,4697022.643,134279.2196
2013,4,4221003.42,17.35,28.54,83.57,14.96,154002.9618,84617.42315,30075.23415,40855.32588,154002.9618,7953057.394,15.49951528,3.701756875,22.85154134,0.073599028,130089.0379,31224.20107,172586.9696,609.878069,1,7321400.782,155547.9832
2001,1,2744610.28,92.98,26.54,89.15,16.09,103774.2168,51778.15896,18959.2402,34716.73871,103774.2168,4703229.717,9.714583804,2.331489094,13.80748265,0.049920506,47106.88454,11461.95187,66911.6861,224.8879208,1,4837146.901,105454.1379
2002,12,2671440.27,113.42,27,91.61,15.48,102219.6377,50051.1509,18200.41851,35652.34481,102219.6377,4529533.231,10.52276185,2.325329839,13.8004151,0.045482894,49823.18826,11815.2484,63784.8539,216.0078028,1,4741049.571,103903.9142
2002,5,4866935.66,365.69,28.51,92.85,18.03,211543.3439,81369.21931,28933.46406,102296.0705,211543.3439,9001671.495,9.183717051,2.22746949,12.16021254,0.042872641,83779.09282,19423.68694,113107.2807,383.337639,1,8667606.832,212598.7539
2014,3,3867077.92,23.99,28.48,89.4,12.81,141582.6372,74967.87923,26668.9953,37334.9266,141582.6372,6330449.707,12.27714427,2.861586013,17.37702367,0.061101044,74591.28999,19455.27774,102568.2112,378.013243,1,6820236.425,138971.8011
2011,11,2424334.9,329.46,27.25,95.94,19.63,103322.2467,41142.73381,14905.09999,49322.839,103322.2467,4428911.912,5.761858744,1.349668459,7.71653155,0.026704917,24452.72343,6370.105808,33384.78008,115.0852819,1,4354994.403,105370.6728
2018,6,2501836.11,195.79,27.69,89.09,17.41,100026.0419,43413.45358,15624.99173,38651.34673,100026.0419,4802671.736,10.045552,2.300442008,13.23297262,0.047739945,46280.9183,11164.09078,64605.92371,220.0505298,1,4408527.107,97689.79203
2010,12,2426019.08,136.77,27.09,88.78,18.13,93985.3606,43766.89699,15893.77867,33453.42401,93985.3606,4180695.577,10.09359616,2.449850867,14.13395718,0.050318775,43018.00877,10106.22021,61047.88502,204.5175755,1,4271168.325,93114.09967
2016,4,2920459.97,2.48,28.57,85.66,11.07,105690.4966,57592.11727,20460.73772,25893.06359,105690.4966,5698522.889,9.753970277,2.306196946,13.35257113,0.05010114,53266.25153,13396.25526,72596.66903,244.5740644,1,5096105.299,103945.9186
2004,4,4000158.49,35.4,28.31,86.98,12.3,147305.1105,80255.88923,28621.54633,42109.45004,147305.1105,6295680.425,9.718731059,2.403255263,14.11786677,0.04414085,63365.79227,16353.02941,89514.45434,315.0771084,1,7006544.272,150986.8856
2007,12,3310240.77,101.73,27.03,90.45,15.75,125896.3227,62045.7552,22551.94442,42528.73869,125896.3227,6079742.365,8.462749342,1.953960854,11.13274834,0.040961474,47780.82433,11918.76889,67551.66804,227.6892938,1,5855540.069,127126.4383
2020,1,925819.37,278.11,26.7,89.81,23.25,38455.62518,15138.23005,5529.694552,16523.76414,38455.62518,1656058.077,7.385201275,1.847997395,10.3720889,0.036627605,12589.12283,2909.099682,16512.97305,58.90366352,1,1634734.692,37191.68874
2014,11,4528607.08,103.37,28.01,91.39,15.4,172806.2544,91843.04376,32899.04985,62378.65471,172806.2544,8507944.967,8.108523399,2.0521467,12.25828302,0.041698655,75682.97629,17915.76654,103708.0021,356.740542,1,8032012.994,187120.7483
2021,4,3669592.41,31.35,28.19,85.23,12.78,134792.0935,71746.57812,25632.13123,37062.45975,134792.0935,6325122.227,12.07609857,3.109616223,17.53808049,0.061528347,84947.80063,21267.77198,113770.0174,393.1051775,1,6395426.812,134441.1691
2003,6,1750822.96,625.57,27.96,98.67,20.01,85130.00728,27755.00304,9949.456208,51337.32851,85130.00728,3302853.544,5.506125292,1.214682016,7.161125064,0.025513856,18798.57248,4689.275047,24181.69559,84.79089427,1,3169018.738,89041.78775
2007,6,3371606.74,607.73,27.98,94.83,17.14,162737.7282,48572.22878,17406.74943,87874.71074,162737.7282,5909374.667,5.618111787,1.260879072,7.385156369,0.024842411,32926.96277,7726.655861,46115.6788,149.8759235,1,6037929.543,153853.6889
2025,10,2311367.71,247.87,27.22,89.59,15.65,94720.44891,37387.49573,13550.73557,37931.04961,94720.44891,4116234.331,10.29144246,2.683362543,14.9822649,0.051313474,44939.54025,10602.20919,60983.8114,209.8333878,1,4078677.984,88869.28092
2011,5,2239941.46,177.14,28.3,89.07,31.94,88848.17369,40647.90522,14498.33884,34174.39693,88848.17369,2335086.85,12.08319208,2.80009945,16.49359408,0.057300769,30728.44654,6480.063785,39662.45563,144.5256272,1,2483608.219,89320.641
2002,3,4151116.76,6.97,27.51,88.06,10.79,150181.1608,79773.22652,28788.21615,37239.35686,150181.1608,7162060.926,13.31806931,3.12351363,18.39644116,0.062962687,92931.858,23509.13772,123737.5501,406.0390889,1,7293373.777,145800.7995
2026,6,3368629.66,450.55,28.41,93.36,17.08,152117.5274,50194.62268,17874.54347,72676.77659,152117.5274,6107159.085,5.940430238,1.477590023,8.076497729,0.029328871,38981.06648,8994.701851,49776.9114,175.4838496,1,6007838.711,140745.9427
2011,10,2369735.62,282.76,27.01,94.28,22.69,98722.40445,40436.34043,14701.9185,44359.36361,98722.40445,3848693.591,8.811061249,2.098179539,11.62845143,0.041076773,32806.72943,8006.640237,46034.27267,155.1306166,1,4237245.271,99497.62254
2019,5,2748118.53,151.14,29.04,87.82,15.44,107766.9403,50580.12835,17846.66597,39166.73929,107766.9403,5274794.628,10.77039099,2.488215571,14.40238478,0.048505232,51965.09813,12699.42668,72922.44339,243.9502952,1,4825054.911,107593.5336
2000,1,1432308.01,89.53,26.64,87.47,10.35,54070.43726,27590.99436,10087.56169,18254.07335,54070.43726,2557783.007,8.128062318,2.041142042,11.41120633,0.039953844,22610.82099,5419.288191,30063.88458,107.6305193,1,2512292.121,55932.6294
2024,3,4514537.56,23.04,27.76,86.8,16.6,164891.3433,86634.10003,31148.2194,43420.61785,164891.3433,6963399.694,15.63623878,3.620767356,20.98738165,0.072780163,112045.58,26985.36793,152879.7957,555.6690979,1,7535349.023,161202.9373
2023,2,2533820.77,266.06,26.9,90.62,16.86,104683.2227,45410.57599,16537.74334,48172.37913,104683.2227,4342263.025,8.181437632,1.85344287,10.76289919,0.036185129,34284.3913,8126.076269,45349.30354,156.383462,1,4484271.538,110120.6985
2024,7,3465223.35,15.02,27.03,88.53,15.47,125767.0089,66141.16849,24040.51576,32307.44812,125767.0089,5882263.682,13.14362532,2.998904759,17.7041178,0.062141337,78088.60678,18053.34863,102566.6608,347.6840408,1,6096425.193,122489.1324
2008,5,2860258.96,299.35,28.35,89.43,17.66,120474.6249,47943.12787,17087.836,53330.06817,120474.6249,5049637.14,9.301729836,2.207217051,12.65301071,0.043050255,44948.8973,11674.78212,59083.28918,223.264924,1,5044972.425,118361.032
2016,1,2278852.6,411.83,27.25,93.64,17.47,100885.0679,35378.31054,12816.77728,49010.55528,100885.0679,3836856.878,6.281189607,1.590770888,8.897557186,0.030459502,24579.66113,5688.814567,33938.14683,110.9765072,1,4067448.044,97205.6431
2023,3,2841491.31,18.22,27.54,86.19,12.75,103449.8743,52715.30092,19015.1774,25934.32507,103449.8743,5188884.991,8.616200435,1.928112272,11.24420762,0.039387741,39935.56861,9989.821543,54228.39755,212.2768962,1,4965837.572,97664.8034
2017,10,2292735.55,1076.24,27.1,95.25,11.96,132005.5583,30497.54721,11073.40706,88327.0314,132005.5583,3989908.628,7.546362863,1.74321375,10.21863453,0.034697925,27742.73287,7159.995135,37301.54687,128.3219071,1,4110683.78,129897.9857
2008,8,4378672.61,10.83,27.91,84.95,11.63,158919.8289,87683.64316,31455.59231,41448.6408,158919.8289,7653646.431,16.8677961,3.842749467,21.58325156,0.07550212,121788.6352,29021.31929,173726.1173,575.4050111,1,7625093.461,160587.8763
2014,4,3717809.05,72.33,28.83,86.67,11.39,139844.6999,71013.5032,25133.18611,42778.25359,139844.6999,6276365.73,8.603813123,2.005184827,11.85366607,0.040292121,52453.39749,12305.77582,73986.88595,251.7935906,1,6506227.801,138924.9429
2008,3,4549272.59,51.15,27.88,86.34,10.84,168775.8173,88960.63852,31927.87515,50116.78652,168775.8173,7466200.428,8.391508621,2.024101081,11.87140514,0.040898561,65682.39093,15862.50294,85572.31885,314.2782518,1,7953796.554,171005.3002
2003,1,2118612.34,355.01,26.32,94.26,15.87,91189.80674,35063.13436,12881.62323,44683.93569,91189.80674,4246990.107,6.14225481,1.388029859,8.177064345,0.028713672,26385.20274,6259.827405,35807.75988,119.2886762,1,3788008.244,92628.69329
2023,8,4727755.75,4.61,27.53,84.66,14.27,170828.4385,91077.24109,32857.77743,42018.9365,170828.4385,8169590.927,11.57354306,2.818909272,15.76794267,0.053815741,97845.60339,24548.54029,129681.3962,463.2555836,1,8226137.413,165953.955
2005,2,1955481.04,232.31,27.46,92.25,17.1,79570.93198,34574.19878,12486.28058,33737.14974,79570.93198,3539539.111,8.629374174,1.973836263,11.02423597,0.039911952,29270.55133,7365.021573,39074.31096,139.5441072,1,3476682.332,80797.6291
2012,7,3976780.41,3.42,27.55,87.83,14.23,143606.0972,81163.59808,29272.53723,37216.37202,143606.0972,6777257.976,8.860503491,2.254125541,11.87124234,0.041508835,61428.47701,14813.19885,84957.83603,288.6529816,1,6982497.324,147652.5073
2003,12,2278144.15,201.94,27.27,95.07,24.32,91272.13704,40147.47211,14540.19299,36526.7823,91272.13704,3380316.501,8.57682396,2.078084394,11.19893647,0.038968779,28544.89269,6434.862105,40427.62088,138.1692408,1,3629558.612,91214.4474
2019,7,4881001.93,40.99,28.4,87.27,14.34,180330.9396,93921.01463,33450.63294,50382.9252,180330.9396,8422234.525,11.08809794,2.561850181,15.33935885,0.050082298,85743.5541,22179.79758,120262.8319,409.4021321,1,8556477.733,177754.5728
2022,4,7390392.19,10.6,28.97,86.63,12.58,268941.1494,143944.4836,50841.09426,66919.59032,268941.1494,12209517.57,9.836387725,2.515499638,13.00335579,0.043339879,113154.5869,28891.68818,156219.8137,536.3168539,1,12931831.43,261705.1682
2000,12,1944300.87,267.53,27.19,94.5,15.35,80438.70184,34405.55004,12475.55378,36454.34786,80438.70184,3440118.719,9.116887553,2.206600756,12.59480013,0.047526138,33922.31693,7739.044936,46328.17872,158.1856815,1,3478678.307,83335.45167
2026,9,2878769.95,258.09,27.66,91.83,15.13,118683.4796,50049.6262,18021.4517,51596.54256,118683.4796,5183945.046,7.536324052,1.941045205,10.13596008,0.036780117,42220.5401,9379.233155,53416.44337,184.0114258,1,5112167.657,119667.6205
2016,9,2221020.16,118.79,27.19,83.78,12.05,85264.21189,39472.53978,14312.85918,28517.47736,85264.21189,3903772.027,11.24821106,2.83474281,14.3927704,0.053427534,44212.42821,10715.98268,60611.26371,209.5858317,1,3854728.556,82302.87631
2024,2,1990082.25,146.84,26.48,91.24,20.34,77382.78549,35888.11485,13152.81554,28512.01589,77382.78549,3525902.775,9.736139862,2.375570519,13.08414301,0.046941415,35048.94641,8387.904689,47350.03417,160.9676383,1,3528150.485,77552.94628
2002,4,3963363.78,13.06,28.01,85.5,15.21,144061.6052,82288.04372,29476.35816,39251.45544,144061.6052,7025146.368,12.42772666,2.954951292,17.16799793,0.061828413,90468.78484,20654.92084,113736.7045,424.7232007,1,6912766.993,151015.8573
2021,2,1990731.28,196.59,26.97,92.54,14.7,79486.62835,34274.66771,12469.12664,30907.06834,79486.62835,3410228.882,9.07152271,2.065921096,12.18277505,0.040637114,31711.26813,7015.788181,43056.45337,144.2540589,1,3542240.882,77650.86269
2019,3,4211042.53,18.96,28.22,89.09,15.3,153646.8158,77894.73159,27816.31832,38066.63162,153646.8158,6642515.878,12.99746724,3.093684806,17.98874481,0.063690165,89441.9126,22781.69949,119499.6891,439.6429939,1,7420348.226,143777.6815
2000,5,2102352.35,190.68,28.45,88.53,15.92,83991.42141,39089.70023,13911.85363,33969.2686,83991.42141,3607249.241,11.93095621,2.911343282,16.7036046,0.058171973,42314.90333,10137.06685,59741.49223,200.9303091,1,3698703.529,86970.82246
2010,3,3864226.4,5.92,27.64,86.36,12.81,139768.514,70610.43952,25432.37268,32731.46364,139768.514,6497747.978,11.93292587,2.790890859,16.36999324,0.055595059,80105.31586,18153.20734,110521.4778,356.2167708,1,6756471.053,128774.2758
2002,9,2211173.86,814.23,27.27,92.49,16.75,115730.9565,32038.0408,11603.20368,73551.98293,115730.9565,3839827.544,9.737829636,2.208166275,12.54502561,0.044719406,36192.84576,8607.663335,49266.73527,165.1175473,1,3933936.267,117193.2274
2021,3,4336519.88,3.66,27.8,87.53,9.22,156721.0622,83738.40773,30089.25898,38299.86552,156721.0622,8098282.18,10.56394654,2.435499252,14.26628851,0.051816673,84132.49374,19091.57845,113825.7344,399.1605698,1,7607629.101,152127.5322
2013,7,4385620.41,0.65,28.09,89.21,14.28,158352.3195,84283.81501,30155.61569,37817.0268,158352.3195,8199052.242,11.38007777,2.673226307,13.70168257,0.050346932,85937.31163,19752.71203,123407.8123,413.0663775,1,7730606.19,152256.4575
2020,3,3724086.16,5.81,27.59,85.58,9.71,134673.6733,69381.05331,25008.15179,32168.29825,134673.6733,6136841.451,8.817303281,2.226664928,12.62225927,0.04185451,53040.79457,13303.02733,77422.55421,272.0340396,1,6496916.579,126557.5033
2025,6,3326700.04,282.36,28.21,92.03,21.49,138943.6475,61005.75804,21788.45162,65686.73451,138943.6475,5902712.657,6.597900016,1.641584055,9.02656855,0.031189152,41911.33618,8930.276454,56080.15297,187.3950074,1,5910936.076,148480.9442
2011,7,3496301.83,9.77,27.56,89.01,16.75,126703.8883,73217.94459,26402.92257,34615.88168,126703.8883,5365672.301,13.5938511,3.317064772,18.72224085,0.064018134,72645.89106,16945.3195,101558.1212,337.1689775,1,5713530.046,134236.7488
2005,3,5403469.65,7.21,28.24,87.53,15.74,195891.9655,103835.882,37069.01879,48006.69614,195891.9655,9165827.267,13.85934827,3.136630081,17.73382691,0.065350142,126988.6244,30596.18236,174671.3004,619.1176917,1,9086118.131,188911.5969
2017,12,1737983.41,185.37,27.13,94.43,17.34,69030.43757,30989.69422,11247.04797,27089.21798,69030.43757,2915892.663,8.742736727,2.097551431,12.49777899,0.042509329,26101.18726,6807.315173,37351.68468,125.1310418,1,3108933.69,69325.96017
2011,4,3921593.59,5.39,28.51,84.9,15.08,142127.5135,72577.50345,25807.28444,33128.48845,142127.5135,6240026.5,13.61126632,3.175172251,19.12422209,0.064583968,86969.41583,21943.63783,122635.567,416.3319123,1,6742334.579,131513.2763
2025,2,1597351.66,145.59,26.72,90.93,11.48,62108.33388,29334.96121,10712.25007,23137.79064,62108.33388,2923455.126,10.60005616,2.703565714,14.8443871,0.055655863,31492.53071,7827.501626,44320.66935,160.8644231,1,2829415.618,63185.00191
2010,9,1527406.33,137.59,27.61,85.18,9.82,59273.52267,27625.05491,9954.391828,21003.14461,59273.52267,2457820.758,7.83636606,1.860208845,10.57830064,0.0371548,18993.16087,4551.233273,26179.52185,85.36674978,1,2661607.357,58582.59135
2026,3,6311740.27,24.64,27.86,86.91,11.8,230796.0301,118359.0437,42491.51175,59658.08249,230796.0301,10808883.37,10.01455732,2.391290752,14.47511028,0.047879651,105217.0989,25893.1724,145393.5275,479.5935584,1,11053224.76,220508.6379
2000,9,1890811.18,515.86,27.71,93.26,13.09,87732.83142,28985.69119,10429.18057,46661.45752,87732.83142,3395681.618,5.859373314,1.475256603,7.917992606,0.026822972,19939.69193,4956.05697,27655.80715,94.61735387,1,3371253.307,86076.32928
2005,11,2537863.18,412.62,27.44,96.31,27.5,112437.7221,42068.65732,15197.39079,58188.90967,112437.7221,4567393.425,6.635861677,1.49956566,8.957989105,0.030497481,30834.09445,7544.142518,43130.42929,147.6114302,1,4563627.868,115454.9578
2023,10,1205809.39,154.5,27.52,91.22,17.37,47191.8365,21309.15361,7688.810409,17035.52056,47191.8365,2051116.377,8.388750375,2.1209708,11.57703582,0.039679809,18175.76339,4452.80382,24770.2858,90.97499846,1,2137618.693,46033.48458
2005,5,4750261.91,204.19,29.12,83.69,14.63,191368.8907,80739.29869,28454.8798,71882.36166,191368.8907,8798813.328,9.107341495,2.172950708,12.95541541,0.042107418,76057.03301,17702.67752,104514.0783,350.2008674,1,8242258.611,181076.5401
2003,9,2174766.21,223.59,26.87,86.67,16.69,87991.24364,39808.07616,14503.94675,38398.29253,87991.24364,3653954.02,10.80474733,2.615794837,14.42863651,0.051734018,39396.31951,9980.911107,52632.83589,174.86587,1,3805877.114,92710.31544
2001,3,4142015.73,3.05,27.43,84.6,14.15,149494.7604,81665.90863,29506.37791,37445.43771,149494.7604,7196585.122,14.01898963,3.242288719,18.67426558,0.059658411,94449.31516,22442.26978,128502.0548,453.3520694,1,7205726.698,148617.7242
2013,1,2287515.46,212.39,26.22,91.37,19.22,91897.5232,39011.06464,14353.78092,36995.97322,91897.5232,4036413.845,9.290833499,2.245104698,12.10138839,0.041901338,37056.86941,8368.603269,49939.38862,174.2962791,1,4056946.794,90360.81878
2003,5,3321750.78,525.34,28.49,93.18,15.31,155006.4633,50803.70431,18070.20521,81919.01653,155006.4633,5959226.877,8.039429408,1.881609178,10.50228974,0.037780561,44656.66223,11199.71018,64084.75996,214.6728097,1,5921242.215,150792.926
2021,9,1438066.51,119.1,27.46,85.83,13.14,55252.8903,25934.44992,9366.083087,18679.48196,55252.8903,2502451.235,10.21042687,2.677966044,14.37996777,0.052562416,27852.40355,6469.565176,37306.19061,128.9375793,1,2510600.481,53980.01496
2010,4,3208461.27,13.67,28.23,84.31,13.9,116728.7899,63875.83299,22806.79035,30457.04309,116728.7899,5883292.102,14.96249837,3.662912211,20.73109169,0.071656242,88931.34755,20585.84923,120019.8413,434.6075002,1,5577000.854,117139.6664
2024,10,2443635.56,256.77,27.82,93.96,12.45,100716.7886,40262.72361,14463.09434,41289.42252,100716.7886,4007082.8,8.904892394,2.215597955,12.75396654,0.042357098,37893.60195,9273.088884,53405.61558,182.8589786,1,4365473.473,96015.24048
2023,7,4033318.77,8.22,27.21,87.48,10.45,145904.9678,86673.3598,31418.61674,40887.40236,145904.9678,6973159.927,9.628622109,2.345119058,12.47890049,0.045017224,65341.64401,15611.49799,94270.55629,327.3913108,1,7074710.01,158979.3789
2018,1,2032431.81,63.98,27.17,91.59,22.58,75787.24274,36800.32059,13347.89762,22022.36259,75787.24274,2906913.282,11.40626411,2.711543309,15.67355067,0.051494873,33711.87559,7961.651864,44645.30199,153.8232718,1,2785158.74,72170.5808
2023,6,3282956.56,271.17,27.88,90.84,12.76,136276.7528,57372.89997,20591.07058,60636.84204,136276.7528,6249216.648,7.887812466,1.82179608,10.19245867,0.034794693,48235.88457,11163.56256,65832.12895,206.8104061,1,5813678.34,138600.8126
2019,9,2034385.63,98.05,28.24,86.21,10.77,77457.42912,39290.36557,14026.51253,26128.76287,77457.42912,3649774.634,11.17719956,2.681807599,15.72861314,0.053255501,42570.10242,10166.76907,55876.44681,190.9100502,1,3555529.672,79445.64098
2017,4,5662923.15,45.33,28.24,84.65,9.83,209625.6038,104640.5344,37356.27668,57278.84599,209625.6038,9595522.54,10.70024918,2.582294799,14.83075085,0.053158182,100559.596,25484.79032,140006.3059,520.8887771,1,9853014.371,199275.6571
2017,9,1736484.46,537.84,27.18,90.04,10.03,81249.45055,26719.05516,9689.857444,44684.7776,81249.45055,3214872.059,7.597053733,1.865472123,10.63221368,0.03568339,24468.3661,6404.993855,33855.96058,123.2513534,1,3068136.51,81093.69021
2024,8,2384785.13,30.44,27.32,85.8,11.3,87356.76139,46270.31553,16745.19236,24117.2633,87356.76139,4260668.306,9.872217727,2.517648829,13.77912981,0.046084744,42385.5786,11294.41449,58479.45853,198.894468,1,4163039.909,87132.77118
2020,12,2112338.48,678.2,26.84,98.21,20.24,104710.8025,31048.33045,11317.46389,62118.72995,104710.8025,3771322.086,6.798031749,1.567634328,9.091014714,0.031210843,25289.98268,6546.25843,35832.06128,118.0313827,1,3818509.476,104484.5243
2026,4,2685457.85,9.88,28.39,85.87,13.34,97538.09266,52061.73815,18544.88039,24326.24685,97538.09266,4998505.678,12.70037648,3.250797952,17.92573207,0.062301801,65568.78472,15583.43405,82629.47839,293.2319649,1,4688854.164,94932.86538
2016,10,1817851.1,157.3,27.67,87.78,21.12,71273.42324,33874.00657,12195.25822,27233.53602,71273.42324,2749924.792,11.19532907,2.503530157,15.00525694,0.05264915,30699.85482,7352.194202,44111.97179,153.4185891,1,3015195.518,73302.80081
2013,6,3888850.37,409.82,28.06,95.53,17.13,172303.8618,63860.23746,22858.4551,87122.14429,172303.8618,7060886.724,7.520642695,1.651657654,9.839363231,0.035108881,53205.36467,12908.00512,72746.33515,246.29775,1,6977829.033,173840.8369
2003,8,4194306.11,44.89,27.54,84.33,13.34,154944.219,82596.89927,29793.90547,45601.43443,154944.219,7106545.271,12.70924739,2.86221354,17.35612689,0.05742692,84894.81439,21603.92443,117863.2996,402.9782958,1,7291032.216,157992.2392
2018,2,1383113.8,205.54,27.24,91.61,15.87,55509.27691,24234.55171,8780.952826,22256.42256,55509.27691,2636266.945,7.924226385,1.945112455,10.83184649,0.038563797,21532.56195,5257.083339,29419.01971,96.33930477,1,2454635.113,55271.92709
2015,11,1703209.45,342.7,27.12,97.86,13.08,73019.68873,26736.31756,9704.828602,32917.56551,73019.68873,2983418.222,6.014305413,1.423380322,8.095964064,0.028305147,18504.96746,4545.813443,24347.9323,86.92345608,1,3075939.493,69358.71167
2021,8,4086280.91,25.07,27.72,85.05,14.3,149400.1657,81911.77808,29467.84836,41452.05394,149400.1657,7345108.876,11.45609352,2.606892201,15.00763283,0.052004365,82847.54876,20879.33683,114547.9132,378.7131464,1,7117960.822,152831.6804
2008,10,3832263.24,305.72,27.45,91.81,16.48,161575.7513,59511.3339,21495.39116,67941.55762,161575.7513,7044251.413,10.13822224,2.603094414,13.269487,0.047583051,70220.01154,16936.86497,94690.42735,330.6735077,1,6805013.706,148948.2827
2004,6,2654158.53,315.11,28.25,91.65,24.29,112606.8784,46464.31582,16585.1434,53394.83262,112606.8784,4693327.914,7.456548688,1.745460559,9.732979147,0.034713322,33624.11204,8849.197066,49764.20531,169.4808426,1,4700611.59,116444.2918
2000,2,2629101.93,105.24,26.9,87.87,11.58,100143.3674,46987.70224,17112.10534,32645.61895,100143.3674,4683941.445,10.10071645,2.418274044,13.49639779,0.049559923,46925.55874,11306.58756,65778.67444,227.1150772,1,4616746.807,96745.42653
2004,2,1113275.04,266.39,26.54,96.57,15.27,45963.36798,18601.09307,6811.029949,19853.72661,45963.36798,1927517.103,9.235450619,2.300487431,11.81610276,0.042879475,16964.06585,4256.402693,24152.0163,85.6488379,1,2003356.989,45265.84963
2006,9,1835305.63,771.59,26.95,92.64,9.02,94433.39974,26200.96614,9534.775132,57899.32607,94433.39974,3012325.773,6.499615628,1.658920765,8.898475321,0.030740915,20094.50799,4924.514907,27544.58409,101.627268,1,3266599.314,93635.06734
2017,2,2601168.6,107.23,26.79,92.06,13.43,99155.835,44845.52033,16358.99276,31412.33342,99155.835,4426570.637,6.518709586,1.613439064,9.365584481,0.032205415,30962.98717,7573.367275,42731.84459,149.9611448,1,4622189.897,92616.84651
2002,11,2531404.67,339.66,27.16,95.69,18.72,108381.3163,46013.38839,16692.08024,56300.30014,108381.3163,4529283.082,7.095213602,1.639800571,9.426764294,0.032094199,30199.00797,7529.343563,41040.12318,149.0526652,1,4544166.713,119005.7688
2021,12,2917436.24,327.31,26.81,93.89,13.32,124089.3418,48817.35049,17802.50094,58671.47983,124089.3418,4945813.202,6.032693312,1.544661908,8.441110889,0.02875552,27795.35255,6812.946734,41742.09847,136.1655128,1,5210881.492,125291.3313
2007,8,5461504.16,31.99,27.2,84.32,13.43,200166.8091,112374.6198,40741.27429,59072.30139,200166.8091,9378306.532,11.92561634,2.989013936,15.28500997,0.053302491,110928.761,26817.9443,144810.7253,522.9239892,1,9493550.631,212188.1955
2004,5,2415424.35,111.56,28.27,86.13,18.88,92626.25662,45241.07664,16143.76193,31435.94042,92626.25662,4220745.811,10.65063468,2.59629478,14.65753979,0.051799892,42294.43585,9966.047535,62367.15765,217.5745182,1,4062146.847,92820.77899
2022,1,1526549.91,324.9,26.49,95.31,22.3,64809.41902,24141.44128,8846.380734,29021.6578,64809.41902,2588701.701,6.511807513,1.57264023,8.899271337,0.032115346,17311.97759,4258.98219,23604.95998,81.5686582,1,2737434.741,62009.47981
2020,2,2630252.35,59.72,26.85,88.14,13.4,97774.36084,49485.41941,18035.27734,29275.76394,97774.36084,4696228.552,9.241152685,2.255355444,12.81608275,0.04652189,44289.34642,10806.67264,60413.04158,206.6189072,1,4622317.805,96796.46069
2001,2,1287885.74,173.7,26.59,89.21,15.82,50785.44601,24171.6989,8844.099906,20656.50084,50785.44601,2308646.388,10.20623915,2.442505137,15.14578601,0.052662306,24271.45988,6161.269936,32331.59634,112.9236947,1,2270177.659,53672.29965
2007,5,1452094.5,560.22,28.52,92.01,15.45,68780.20914,21954.09898,7805.346812,37086.12971,68780.20914,2565668.898,6.824318782,1.642808406,9.563783243,0.032923038,18472.16987,4159.706029,24700.2586,83.26988058,1,2579960.5,66845.5755
2022,10,2362555.25,339.36,28.14,91.86,18.24,101358.9001,39188.53544,14010.79198,47230.37977,101358.9001,4315973.041,8.094726643,1.946144913,10.57955947,0.036888865,33024.55699,7795.861972,47162.27829,158.2342906,1,4195819.372,100429.7072
2013,11,2849396.15,417.07,27.14,95.5,14.4,126412.5013,48249.24223,17508.41133,67524.47112,126412.5013,4592419.781,7.667961247,1.741201345,9.66744154,0.035458083,33708.78292,8245.447288,50467.40665,165.7365601,1,5112291.592,133282.1247
2026,7,5015786.31,30.67,28.14,88.46,13.46,184148.3989,107459.4531,38419.1965,55388.47535,184148.3989,9065790.352,9.513164516,2.265576655,13.1450215,0.04584133,89877.02813,20536.41581,122056.6639,417.9892859,1,8822600.926,201267.1249
2011,3,3675178.63,20.03,28.15,85.18,19.89,134149.216,68424.92875,24459.85969,33636.8933,134149.216,5380230.123,22.0630165,5.017017356,28.90805655,0.093977443,109600.6117,27378.31235,146974.4044,543.7458758,1,4996459.332,126521.6817
2025,12,2037265.1,231.47,26.8,90.21,18.03,82736.15778,34775.50448,12683.68906,34203.94574,82736.15778,3703221.634,7.553892441,1.733436198,9.817363872,0.033347466,25004.12764,6619.641913,36936.48681,125.782136,1,3601307.472,81663.13928
2020,4,3371355.25,60.1,27.82,83.54,9.84,125661.2484,61827.8332,22209.6695,36104.59398,125661.2484,5205960.604,11.79538955,2.74010408,15.27988548,0.049586803,61305.52657,14522.58996,80416.09798,289.1706077,1,5847166.167,120142.0967
2004,7,2915887.24,6.88,27.46,87.44,21.94,105473.2354,58621.95954,21170.99632,27374.09824,105473.2354,3587310.674,16.39922579,3.954365247,22.33681695,0.076828971,60125.61776,14176.90324,78550.02965,297.7371402,1,3614220.002,107167.0541
2004,3,4703165.07,9.06,27.69,89.91,13.92,170431.315,92931.94843,33447.25669,43703.02177,170431.315,8013294.633,12.06682737,2.906614264,17.21447676,0.058356188,98235.04525,24121.75346,129694.9056,464.2705616,1,8306808.533,170082.2269
2014,7,3805167.02,23.28,28.19,85.85,8.57,139156.4299,74634.61777,26663.91021,37209.4867,139156.4299,7349698.237,9.892818703,2.269926264,13.54102772,0.047094663,67013.71356,16069.40118,94444.12929,328.1852328,1,6643504.52,138508.0147
2015,10,1531576.99,674.37,26.94,94.86,17.39,75818.87852,24646.63965,8970.487858,49022.03418,75818.87852,2747388.08,6.340714045,1.678654249,8.930306878,0.0317549,18852.67535,4367.63511,25334.9862,89.57747879,1,2743003.337,82639.16169
2026,11,2853122.05,475.27,28.29,97.63,18.07,130219.9523,45218.27331,16130.87602,68079.35408,130219.9523,5067873.093,7.077125537,1.745131265,10.14294072,0.035044748,36494.3823,8387.975123,48551.25381,175.6382232,1,5149362.228,129428.5034
2015,8,3531230,36.92,27.29,85,14.84,129800.6596,66720.41923,24156.88816,35770.31215,129800.6596,6134667.149,16.08164475,3.777889435,21.66389182,0.078586689,92774.87314,22833.32643,129884.1483,436.1598016,1,6150225.583,126647.6195
2014,2,2207324.43,911.85,26.99,100,28.75,119790.2993,31673.38465,11519.32231,80048.49072,119790.2993,3646646.773,6.179661055,1.491083551,8.882471779,0.029101853,24284.85848,5630.225772,32624.65115,112.762758,1,4009972.715,123241.1977
2004,11,2805475.53,596.66,27.38,98.15,18.7,134628.9063,43058.51237,15568.89814,77519.48996,134628.9063,5068631.812,6.569790659,1.580685109,8.579380736,0.030377452,30970.19811,7224.042775,41264.02512,151.7812697,1,5070663.231,136146.9005
2004,1,1328787.84,507.73,26.4,97.66,26.25,61272.43808,20751.64201,7614.582886,33681.67966,61272.43808,2529367.853,7.035578071,1.689659608,9.415804001,0.033640088,17997.71622,4104.68036,23317.16349,80.79872711,1,2398417.758,62047.90456
2019,8,2608096.63,10.16,28.2,83.05,11.03,94695.60171,52892.65036,18893.60613,24816.75165,94695.60171,4425037.57,13.52826866,3.235006472,18.05583656,0.061933983,59549.96309,14953.85874,82038.82467,284.9630857,1,4517006.022,96603.00814
2021,1,3092957.42,84.01,26.68,92.52,15.73,116430.4283,57423.71588,20982.06514,37244.47701,116430.4283,5889714.651,9.037561618,2.180241105,11.69249537,0.043453084,54419.14571,12440.21777,72632.11729,253.3356026,1,5503196.039,115650.258
2001,10,2314862.13,298.29,27.07,92.58,18.18,97170.3568,38435.08351,13961.73418,43481.20329,97170.3568,4149570.327,7.936459085,1.987163127,10.21159887,0.038103943,32778.13754,7644.731564,44277.46254,161.2443245,1,4119451.484,95878.02099
2013,5,3008629.55,306.12,28.75,91,19.54,127247.2442,53183.59785,18844.81376,59610.85714,127247.2442,5107415.084,8.733915519,2.037831971,11.85049675,0.041989513,42988.07114,10638.56094,61653.05879,194.6987208,1,5330288.686,131639.2688
2023,1,2307189.03,108.8,26.85,87.39,19.05,88035.2474,45201.79309,16474.08236,31794.97895,88035.2474,4021954.47,9.591008992,2.268496862,12.45051931,0.043918058,37431.49264,9469.910099,51229.20305,185.7176311,1,4045130.177,93470.8544
2015,12,1870677.44,160.47,27.24,92.16,10.12,73386.70476,34307.09586,12430.55758,28005.26931,73386.70476,3532651.466,7.401582102,1.820287211,9.87940933,0.035539866,25008.68659,6318.926022,33772.15192,122.8115978,1,3325066.794,74742.92274
2024,6,3202975.51,346.18,27.81,97.45,21.39,137751.8273,54783.49738,19682.13385,67187.42416,137751.8273,5747818.61,7.342868966,1.774964475,9.640781049,0.033982045,39402.86432,9816.856142,53394.58554,186.4077392,1,5777900.905,141653.0554
2021,6,3465418.48,349.86,28.24,97.87,13.32,149436.7469,63094.29879,22524.42703,77408.00905,149436.7469,6758472.482,7.043972925,1.625749608,9.414106282,0.030317274,45291.13525,10624.17473,61431.04714,204.3051708,1,6258603.532,163026.7349
2025,9,1908236.14,79.87,27.52,83.76,11.12,71827.7544,35990.47153,12986.15221,22715.21511,71827.7544,3314079.517,11.06343004,2.626648636,16.70704001,0.05200756,35524.14785,8972.087774,49238.76121,173.4370672,1,3311680.213,71691.83885
2012,6,3211594.15,359.68,27.72,93.6,13.66,138964.0906,53978.46662,19418.81017,67926.99797,138964.0906,5652707.995,6.350665104,1.504276455,8.697856072,0.029539986,35567.5356,8131.312318,44648.91513,171.3942266,1,5731625.026,141324.2748
2010,11,3490359.01,56.21,27.26,87.16,21.74,129638.1112,68313.00812,24744.58996,39623.82121,129638.1112,5089213.145,12.30188698,2.973497403,17.19126437,0.055487797,63041.996,14847.94527,81165.72296,295.0219866,1,4822281.441,132681.4193
2012,8,3267699.58,33.59,27.38,87.54,10.74,119923.7597,63716.28287,23038.23944,33634.3897,119923.7597,5758193.34,9.972028414,2.38190276,13.2919013,0.044941275,55993.47156,13549.70587,81380.03097,260.6805279,1,5732743.22,120388.912
2008,4,4383801.86,16.69,28.36,85.14,11.65,159809.3163,84081.85485,29963.95526,40580.55915,159809.3163,8066109.213,10.88625231,2.465100367,14.39471534,0.046498352,82381.34953,19345.52413,112114.0882,366.2380464,1,7638190.234,154626.3693
2007,4,3673002.33,11.66,28.25,85.92,16.57,133488.5204,76449.64697,27288.21755,36098.90079,133488.5204,5805424.825,15.91695386,3.637478325,21.5146189,0.075103178,92925.91695,22342.90507,122423.7874,417.3603039,1,5889135.677,139836.7653
2017,11,2489564.08,880.14,27.24,97.92,19.95,133584.0749,34656.87898,12557.29519,84772.73014,133584.0749,4631787.131,9.083760024,2.265708004,11.55914254,0.041726328,39163.09078,10325.27814,56237.43226,201.0944113,1,4496816.612,131986.9043
2010,2,1982486.87,118.24,26.6,91.47,19.92,75973.4789,39529.49966,14461.13029,28763.18815,75973.4789,3206127.81,8.440657631,1.948491678,11.25726967,0.039815688,28479.33713,7185.941168,37991.39215,134.6825791,1,3446937.676,82753.8181
2026,12,2159300.14,451.28,27.92,99.92,18.09,97438.31405,33121.84526,11880.35842,48358.99895,97438.31405,4147583.018,6.032505934,1.411532719,8.520899461,0.02912123,26059.87668,5677.264293,33672.91322,118.1501555,1,3921864.868,93361.20262
2001,9,2446000.68,170.26,26.74,90.13,13.57,96319.95628,44305.45685,16174.15442,37429.0151,96319.95628,4509824.019,7.051467069,1.733032828,9.75726552,0.033506393,32083.05959,7806.781301,45973.78358,141.0124229,1,4322857.768,97908.62638
2015,9,2369849.07,262.64,26.99,90.2,11.1,97766.71276,42276.29935,15375.50609,44458.27586,97766.71276,4416594.799,7.51782853,1.85513884,10.12453839,0.036389464,32505.85197,7817.136669,47578.74938,157.4782326,1,4189103.206,102110.0813
2005,12,1948698.9,74.23,26.77,90.01,19.54,72990.95064,36833.62067,13440.41331,23036.02838,72990.95064,3337585.57,11.97496393,2.804249713,15.56837236,0.054540928,38494.64422,9347.360676,53479.01327,179.8598534,1,3174708.681,73310.06236
2008,11,2384790.3,179.62,27.18,92.72,25.94,94457.24544,40439.76411,14665.77118,34796.37536,94457.24544,3504932.179,9.981368308,2.342504289,13.51294988,0.04604306,35220.95391,8274.147512,48954.95642,162.4307968,1,3437646.93,89901.91065
2022,7,4787265.37,33.12,28.27,87.66,13.93,176053.08,98484.89903,35143.21236,51203.66041,176053.08,7945714.36,9.888342564,2.442658791,13.99559618,0.05109177,81217.83994,20727.67223,110962.7316,397.834874,1,8401491.149,184831.7718
2008,7,4349353.98,43.22,32.2,77.6,12.91,162461.1873,84923.86734,28646.94463,43546.9367,162461.1873,6864165.954,17.67682807,4.500355907,25.25472894,0.086689529,130950.2917,33802.60218,181593.7677,649.8701927,1,7414198.751,157117.7487
